{
  "variant": "b",
  "analysis": {
    "num_runs": 5,
    "metrics": {
      "win_rate": {
        "mean": 82.10137030245065,
        "std": 5.8550922576885425,
        "min": 71.69811320754717,
        "max": 85.71428571428571
      },
      "total_pnl": {
        "mean": 53784.41496989629,
        "std": 31040.86734205707,
        "min": 23764.276385097528,
        "max": 88406.33760880386
      },
      "total_trades": {
        "mean": 36.8,
        "std": 9.17605579756357,
        "min": 31,
        "max": 53
      },
      "profit_factor": {
        "mean": 139.61433434360427,
        "std": 91.92673773289222,
        "min": 2.7131490137202876,
        "max": 214.07307092094504
      },
      "sharpe_ratio": {
        "mean": 5.6201491414142755,
        "std": 0.5234319838689312,
        "min": 4.787903155514645,
        "max": 6.132674967972572
      },
      "max_drawdown": {
        "mean": 1300.0609747353724,
        "std": 2592.8881516123383,
        "min": 46.656150477307165,
        "max": 5937.29827677337
      }
    },
    "params": {}
  },
  "runs": [
    {
      "seed": 42,
      "variant": "b",
      "params": {
        "signal_cooldown_bars": 7,
        "min_confirmation_bars": 3,
        "sustained_bars_required": 2,
        "volume_threshold": 1.7028610019153176,
        "use_or_bias_filter": true,
        "enable_val_bounce": true,
        "enable_vah_rejection": false,
        "enable_breakout": true,
        "enable_breakdown": true,
        "enable_poc_reclaim": false,
        "enable_poc_breakdown": false,
        "enable_sustained_breakout": false,
        "enable_sustained_breakdown": false,
        "use_vix_regime": true,
        "vix_high_threshold": 22,
        "vix_low_threshold": 18,
        "high_vol_cooldown_mult": 2.151783934255059,
        "low_vol_cooldown_mult": 0.8678602118566833,
        "target_delta": 0.5947471227070179,
        "afternoon_delta": 0.7097056089138283,
        "afternoon_hour": 12,
        "max_daily_trades": 5,
        "enable_trailing_stop": true,
        "trailing_stop_percent": 22,
        "trailing_stop_activation": 46,
        "enable_stop_loss": false,
        "stop_loss_percent": 68,
        "kelly_fraction": 0.6807117211393734,
        "max_equity_risk": 0.16387342755737255,
        "hard_max_contracts": 60
      },
      "metrics": {
        "win_rate": 84.84848484848484,
        "total_pnl": 86073.05265351832,
        "total_trades": 33,
        "profit_factor": 179.38670682385845,
        "sharpe_ratio": 6.132674967972572,
        "max_drawdown": 184.87096950198247,
        "score": 1.5369281030061526
      }
    },
    {
      "seed": 123,
      "variant": "b",
      "params": {
        "signal_cooldown_bars": 11,
        "min_confirmation_bars": 3,
        "sustained_bars_required": 3,
        "volume_threshold": 1.581246703800168,
        "use_or_bias_filter": true,
        "enable_val_bounce": true,
        "enable_vah_rejection": false,
        "enable_breakout": true,
        "enable_breakdown": true,
        "enable_poc_reclaim": false,
        "enable_poc_breakdown": false,
        "enable_sustained_breakout": false,
        "enable_sustained_breakdown": false,
        "use_vix_regime": true,
        "vix_high_threshold": 30,
        "vix_low_threshold": 16,
        "high_vol_cooldown_mult": 1.7342327683859193,
        "low_vol_cooldown_mult": 0.8574691476957632,
        "target_delta": 0.580714489911046,
        "afternoon_delta": 0.6508273331573432,
        "afternoon_hour": 12,
        "max_daily_trades": 4,
        "enable_trailing_stop": true,
        "trailing_stop_percent": 23,
        "trailing_stop_activation": 58,
        "enable_stop_loss": false,
        "stop_loss_percent": 41,
        "kelly_fraction": 0.8090263578836037,
        "max_equity_risk": 0.12654379508350383,
        "hard_max_contracts": 57
      },
      "metrics": {
        "win_rate": 83.87096774193549,
        "total_pnl": 39291.912164224836,
        "total_trades": 31,
        "profit_factor": 88.99271564764172,
        "sharpe_ratio": 5.643851410406761,
        "max_drawdown": 177.2361793691107,
        "score": 1.5378809248147352
      }
    },
    {
      "seed": 456,
      "variant": "b",
      "params": {
        "signal_cooldown_bars": 14,
        "min_confirmation_bars": 1,
        "sustained_bars_required": 3,
        "volume_threshold": 1.4743134657835422,
        "use_or_bias_filter": true,
        "enable_val_bounce": true,
        "enable_vah_rejection": false,
        "enable_breakout": true,
        "enable_breakdown": false,
        "enable_poc_reclaim": false,
        "enable_poc_breakdown": false,
        "enable_sustained_breakout": false,
        "enable_sustained_breakdown": false,
        "use_vix_regime": true,
        "vix_high_threshold": 24,
        "vix_low_threshold": 18,
        "high_vol_cooldown_mult": 2.2947359655707884,
        "low_vol_cooldown_mult": 0.6989525738778227,
        "target_delta": 0.6431200231131623,
        "afternoon_delta": 0.6923660801436988,
        "afternoon_hour": 12,
        "max_daily_trades": 6,
        "enable_trailing_stop": true,
        "trailing_stop_percent": 40,
        "trailing_stop_activation": 32,
        "enable_stop_loss": false,
        "stop_loss_percent": 58,
        "kelly_fraction": 1.090291028591588,
        "max_equity_risk": 0.24072161727167385,
        "hard_max_contracts": 64
      },
      "metrics": {
        "win_rate": 84.375,
        "total_pnl": 23764.276385097528,
        "total_trades": 32,
        "profit_factor": 214.07307092094504,
        "sharpe_ratio": 4.787903155514645,
        "max_drawdown": 46.656150477307165,
        "score": 1.5541773124204323
      }
    },
    {
      "seed": 789,
      "variant": "b",
      "params": {
        "signal_cooldown_bars": 20,
        "min_confirmation_bars": 4,
        "sustained_bars_required": 5,
        "volume_threshold": 1.2728126216258593,
        "use_or_bias_filter": true,
        "enable_val_bounce": true,
        "enable_vah_rejection": true,
        "enable_breakout": true,
        "enable_breakdown": true,
        "enable_poc_reclaim": false,
        "enable_poc_breakdown": false,
        "enable_sustained_breakout": false,
        "enable_sustained_breakdown": false,
        "use_vix_regime": true,
        "vix_high_threshold": 30,
        "vix_low_threshold": 13,
        "high_vol_cooldown_mult": 1.5388974279089824,
        "low_vol_cooldown_mult": 0.5157657319308392,
        "target_delta": 0.6742663766047811,
        "afternoon_delta": 0.6873474269875093,
        "afternoon_hour": 12,
        "max_daily_trades": 5,
        "enable_trailing_stop": true,
        "trailing_stop_percent": 33,
        "trailing_stop_activation": 44,
        "enable_stop_loss": false,
        "stop_loss_percent": 47,
        "kelly_fraction": 0.3151582592724128,
        "max_equity_risk": 0.19153581559363447,
        "hard_max_contracts": 54
      },
      "metrics": {
        "win_rate": 71.69811320754717,
        "total_pnl": 31386.49603783688,
        "total_trades": 53,
        "profit_factor": 2.7131490137202876,
        "sharpe_ratio": 5.987512787648266,
        "max_drawdown": 5937.29827677337,
        "score": 1.248
      }
    },
    {
      "seed": 1000,
      "variant": "b",
      "params": {
        "signal_cooldown_bars": 11,
        "min_confirmation_bars": 3,
        "sustained_bars_required": 3,
        "volume_threshold": 1.6745339207156935,
        "use_or_bias_filter": false,
        "enable_val_bounce": true,
        "enable_vah_rejection": false,
        "enable_breakout": true,
        "enable_breakdown": true,
        "enable_poc_reclaim": false,
        "enable_poc_breakdown": false,
        "enable_sustained_breakout": false,
        "enable_sustained_breakdown": false,
        "use_vix_regime": true,
        "vix_high_threshold": 22,
        "vix_low_threshold": 14,
        "high_vol_cooldown_mult": 1.5472087574929139,