{
  "variant": "a",
  "analysis": {
    "num_runs": 5,
    "metrics": {
      "win_rate": {
        "mean": 71.80324947885968,
        "std": 1.5534696598794737,
        "min": 70.1492537313433,
        "max": 74.0
      },
      "total_pnl": {
        "mean": 143529.87976269145,
        "std": 74865.44857733315,
        "min": 87074.4885926582,
        "max": 274048.372471264
      },
      "total_trades": {
        "mean": 60,
        "std": 8.154753215150045,
        "min": 50,
        "max": 68
      },
      "profit_factor": {
        "mean": 3.054338955938292,
        "std": 0.15831983182955114,
        "min": 2.9116489244594086,
        "max": 3.2506891517813896
      },
      "sharpe_ratio": {
        "mean": 5.652142711606596,
        "std": 0.4137944262955545,
        "min": 5.281160139870732,
        "max": 6.3449793537410555
      },
      "max_drawdown": {
        "mean": 18515.730245716844,
        "std": 8392.85994890599,
        "min": 11828.143285674887,
        "max": 32715.0759563529
      }
    },
    "params": {}
  },
  "runs": [
    {
      "seed": 42,
      "variant": "a",
      "params": {
        "signal_cooldown_bars": 8,
        "min_confirmation_bars": 3,
        "sustained_bars_required": 2,
        "volume_threshold": 1.2756261071021715,
        "use_or_bias_filter": true,
        "enable_val_bounce": true,
        "enable_vah_rejection": true,
        "enable_breakout": false,
        "enable_breakdown": true,
        "enable_poc_reclaim": false,
        "enable_poc_breakdown": false,
        "enable_sustained_breakout": false,
        "enable_sustained_breakdown": false,
        "use_vix_regime": true,
        "vix_high_threshold": 25,
        "vix_low_threshold": 15,
        "high_vol_cooldown_mult": 1.7422816832675738,
        "low_vol_cooldown_mult": 0.516886617334377,
        "target_delta": 0.6630027264635097,
        "afternoon_delta": 0.7085267132902067,
        "afternoon_hour": 12,
        "max_daily_trades": 5,
        "enable_trailing_stop": true,
        "trailing_stop_percent": 24,
        "trailing_stop_activation": 39,
        "enable_stop_loss": false,
        "stop_loss_percent": 60,
        "kelly_fraction": 0.9319599040467209,
        "max_equity_risk": 0.18811036183294053,
        "hard_max_contracts": 47
      },
      "metrics": {
        "win_rate": 70.58823529411765,
        "total_pnl": 123771.52050706098,
        "total_trades": 68,
        "profit_factor": 2.938449042037137,
        "sharpe_ratio": 5.404207157617071,
        "max_drawdown": 12718.026242535532,
        "score": 1.248
      }
    },
    {
      "seed": 123,
      "variant": "a",
      "params": {
        "signal_cooldown_bars": 19,
        "min_confirmation_bars": 4,
        "sustained_bars_required": 4,
        "volume_threshold": 1.1741640052293552,
        "use_or_bias_filter": true,
        "enable_val_bounce": true,
        "enable_vah_rejection": true,
        "enable_breakout": false,
        "enable_breakdown": true,
        "enable_poc_reclaim": false,
        "enable_poc_breakdown": false,
        "enable_sustained_breakout": false,
        "enable_sustained_breakdown": false,
        "use_vix_regime": false,
        "vix_high_threshold": 25,
        "vix_low_threshold": 15,
        "high_vol_cooldown_mult": 1.8509436114800468,
        "low_vol_cooldown_mult": 0.6103907932672341,
        "target_delta": 0.7167207065961355,
        "afternoon_delta": 0.7562284674803991,
        "afternoon_hour": 12,
        "max_daily_trades": 5,
        "enable_trailing_stop": true,
        "trailing_stop_percent": 33,
        "trailing_stop_activation": 36,
        "enable_stop_loss": false,
        "stop_loss_percent": 66,
        "kelly_fraction": 0.7373783704508279,
        "max_equity_risk": 0.21478007850858905,
        "hard_max_contracts": 57
      },
      "metrics": {
        "win_rate": 74.0,
        "total_pnl": 103490.34147750525,
        "total_trades": 50,
        "profit_factor": 3.1994277073262527,
        "sharpe_ratio": 6.3449793537410555,
        "max_drawdown": 17250.786837482185,
        "score": 1.248
      }
    },
    {
      "seed": 456,
      "variant": "a",
      "params": {
        "signal_cooldown_bars": 12,
        "min_confirmation_bars": 2,
        "sustained_bars_required": 5,
        "volume_threshold": 1.533741471480294,
        "use_or_bias_filter": true,
        "enable_val_bounce": true,
        "enable_vah_rejection": true,
        "enable_breakout": true,
        "enable_breakdown": true,
        "enable_poc_reclaim": false,
        "enable_poc_breakdown": false,
        "enable_sustained_breakout": false,
        "enable_sustained_breakdown": false,
        "use_vix_regime": false,
        "vix_high_threshold": 25,
        "vix_low_threshold": 15,
        "high_vol_cooldown_mult": 1.7243724559261242,
        "low_vol_cooldown_mult": 0.5843672565227197,
        "target_delta": 0.6606068173271632,
        "afternoon_delta": 0.6314911700176391,
        "afternoon_hour": 12,
        "max_daily_trades": 6,
        "enable_trailing_stop": true,
        "trailing_stop_percent": 23,
        "trailing_stop_activation": 32,
        "enable_stop_loss": false,
        "stop_loss_percent": 43,
        "kelly_fraction": 0.33982940259591354,
        "max_equity_risk": 0.1533603447584199,
        "hard_max_contracts": 83
      },
      "metrics": {
        "win_rate": 70.1492537313433,
        "total_pnl": 129264.67576496882,
        "total_trades": 67,
        "profit_factor": 2.9116489244594086,
        "sharpe_ratio": 5.281160139870732,
        "max_drawdown": 18066.618906538715,
        "score": 1.248
      }
    },
    {
      "seed": 789,
      "variant": "a",
      "params": {
        "signal_cooldown_bars": 17,
        "min_confirmation_bars": 2,
        "sustained_bars_required": 5,
        "volume_threshold": 1.478015768014208,
        "use_or_bias_filter": true,
        "enable_val_bounce": true,
        "enable_vah_rejection": true,
        "enable_breakout": false,
        "enable_breakdown": true,
        "enable_poc_reclaim": false,
        "enable_poc_breakdown": false,
        "enable_sustained_breakout": false,
        "enable_sustained_breakdown": false,
        "use_vix_regime": true,
        "vix_high_threshold": 25,
        "vix_low_threshold": 15,
        "high_vol_cooldown_mult": 1.4305069866555076,
        "low_vol_cooldown_mult": 0.8847040835002032,
        "target_delta": 0.6724823391307839,
        "afternoon_delta": 0.8295232798109693,
        "afternoon_hour": 12,
        "max_daily_trades": 6,
        "enable_trailing_stop": true,
        "trailing_stop_percent": 21,
        "trailing_stop_activation": 32,
        "enable_stop_loss": false,
        "stop_loss_percent": 65,
        "kelly_fraction": 1.2585418147301766,
        "max_equity_risk": 0.23070203676361448,
        "hard_max_contracts": 99
      },
      "metrics": {
        "win_rate": 72.58064516129032,
        "total_pnl": 274048.372471264,
        "total_trades": 62,
        "profit_factor": 3.2506891517813896,
        "sharpe_ratio": 5.576141070975985,
        "max_drawdown": 32715.0759563529,
        "score": 1.248
      }
    },
    {
      "seed": 1000,
      "variant": "a",
      "params": {
        "signal_cooldown_bars": 20,
        "min_confirmation_bars": 4,
        "sustained_bars_required": 3,
        "volume_threshold": 1.3002625998752095,
        "use_or_bias_filter": true,
        "enable_val_bounce": true,
        "enable_vah_rejection": true,
        "enable_breakout": false,
        "enable_breakdown": true,
        "enable_poc_reclaim": false,
        "enable_poc_breakdown": false,
        "enable_sustained_breakout": false,
        "enable_sustained_breakdown": false,
        "use_vix_regime": true,
        "vix_high_threshold": 25,
        "vix_low_threshold": 15,
        "high_vol_cooldown_mult": 1.5445530125563738,
        "low_vol_cooldown_mult": 0.6275619732554204,