{
  "variant": "d",
  "analysis": {
    "num_runs": 5,
    "metrics": {
      "win_rate": {
        "mean": 71.74351366897763,
        "std": 7.408383224252071,
        "min": 66.66666666666666,
        "max": 84.31372549019608
      },
      "total_pnl": {
        "mean": 43703.42337968992,
        "std": 31586.13758312566,
        "min": 12334.127634996583,
        "max": 95310.3572812559
      },
      "total_trades": {
        "mean": 64.6,
        "std": 10.406728592598157,
        "min": 51,
        "max": 78
      },
      "profit_factor": {
        "mean": 4.881741098570752,
        "std": 3.7964267480198064,
        "min": 2.698355812841371,
        "max": 11.599965524072507
      },
      "sharpe_ratio": {
        "mean": 6.373656808195386,
        "std": 0.7457406756486844,
        "min": 5.103463360302425,
        "max": 6.973468568036723
      },
      "max_drawdown": {
        "mean": 5507.859868458985,
        "std": 8318.43614111191,
        "min": 1559.7174583009491,
        "max": 20383.1048297324
      }
    },
    "params": {}
  },
  "runs": [
    {
      "seed": 42,
      "variant": "d",
      "params": {
        "signal_cooldown_bars": 11,
        "min_confirmation_bars": 2,
        "sustained_bars_required": 3,
        "volume_threshold": 1.4799934812133793,
        "use_or_bias_filter": false,
        "enable_val_bounce": true,
        "enable_vah_rejection": false,
        "enable_breakout": true,
        "enable_breakdown": true,
        "enable_poc_reclaim": false,
        "enable_poc_breakdown": false,
        "enable_sustained_breakout": false,
        "enable_sustained_breakdown": false,
        "use_vix_regime": false,
        "vix_high_threshold": 25,
        "vix_low_threshold": 15,
        "high_vol_cooldown_mult": 1.4983779452815607,
        "low_vol_cooldown_mult": 0.5444901484839797,
        "target_delta": 0.796710043189518,
        "afternoon_delta": 0.8287764068214529,
        "afternoon_hour": 12,
        "max_daily_trades": 8,
        "enable_trailing_stop": true,
        "trailing_stop_percent": 22,
        "trailing_stop_activation": 34,
        "enable_stop_loss": false,
        "stop_loss_percent": 59,
        "kelly_fraction": 0.38475329297200406,
        "max_equity_risk": 0.1583852097718926,
        "hard_max_contracts": 27
      },
      "metrics": {
        "win_rate": 84.31372549019608,
        "total_pnl": 42425.8993491997,
        "total_trades": 51,
        "profit_factor": 11.599965524072507,
        "sharpe_ratio": 6.844288137510682,
        "max_drawdown": 1559.7174583009491,
        "score": 1.3653472612040416
      }
    },
    {
      "seed": 123,
      "variant": "d",
      "params": {
        "signal_cooldown_bars": 11,
        "min_confirmation_bars": 1,
        "sustained_bars_required": 4,
        "volume_threshold": 1.1265756604832176,
        "use_or_bias_filter": true,
        "enable_val_bounce": true,
        "enable_vah_rejection": true,
        "enable_breakout": false,
        "enable_breakdown": true,
        "enable_poc_reclaim": false,
        "enable_poc_breakdown": false,
        "enable_sustained_breakout": false,
        "enable_sustained_breakdown": false,
        "use_vix_regime": true,
        "vix_high_threshold": 25,
        "vix_low_threshold": 15,
        "high_vol_cooldown_mult": 1.4036435484418541,
        "low_vol_cooldown_mult": 0.8431846108564836,
        "target_delta": 0.7998218904835648,
        "afternoon_delta": 0.6199616787849457,
        "afternoon_hour": 12,
        "max_daily_trades": 5,
        "enable_trailing_stop": true,
        "trailing_stop_percent": 22,
        "trailing_stop_activation": 41,
        "enable_stop_loss": false,
        "stop_loss_percent": 65,
        "kelly_fraction": 0.20285972037690397,
        "max_equity_risk": 0.13005753213724713,
        "hard_max_contracts": 24
      },
      "metrics": {
        "win_rate": 68.65671641791045,
        "total_pnl": 12334.127634996583,
        "total_trades": 67,
        "profit_factor": 2.698355812841371,
        "sharpe_ratio": 6.5439135473392716,
        "max_drawdown": 2152.2939511070326,
        "score": 1.273931028334678
      }
    },
    {
      "seed": 456,
      "variant": "d",
      "params": {
        "signal_cooldown_bars": 10,
        "min_confirmation_bars": 3,
        "sustained_bars_required": 3,
        "volume_threshold": 1.5227124616468786,
        "use_or_bias_filter": false,
        "enable_val_bounce": true,
        "enable_vah_rejection": true,
        "enable_breakout": true,
        "enable_breakdown": true,
        "enable_poc_reclaim": false,
        "enable_poc_breakdown": false,
        "enable_sustained_breakout": false,
        "enable_sustained_breakdown": false,
        "use_vix_regime": true,
        "vix_high_threshold": 25,
        "vix_low_threshold": 15,
        "high_vol_cooldown_mult": 1.4030055544573588,
        "low_vol_cooldown_mult": 0.6512481025161426,
        "target_delta": 0.6622148266958993,
        "afternoon_delta": 0.6158746463147586,
        "afternoon_hour": 12,
        "max_daily_trades": 8,
        "enable_trailing_stop": true,
        "trailing_stop_percent": 29,
        "trailing_stop_activation": 47,
        "enable_stop_loss": false,
        "stop_loss_percent": 65,
        "kelly_fraction": 0.21857441443450015,
        "max_equity_risk": 0.17188911476067,
        "hard_max_contracts": 23
      },
      "metrics": {
        "win_rate": 66.66666666666666,
        "total_pnl": 25221.89488259597,
        "total_trades": 78,
        "profit_factor": 3.0535973078133973,
        "sharpe_ratio": 6.973468568036723,
        "max_drawdown": 1701.2101921424255,
        "score": 1.304355634687292
      }
    },
    {
      "seed": 789,
      "variant": "d",
      "params": {
        "signal_cooldown_bars": 12,
        "min_confirmation_bars": 1,
        "sustained_bars_required": 2,
        "volume_threshold": 1.534767502920017,
        "use_or_bias_filter": false,
        "enable_val_bounce": true,
        "enable_vah_rejection": false,
        "enable_breakout": true,
        "enable_breakdown": true,
        "enable_poc_reclaim": false,
        "enable_poc_breakdown": false,
        "enable_sustained_breakout": false,
        "enable_sustained_breakdown": false,
        "use_vix_regime": true,
        "vix_high_threshold": 25,
        "vix_low_threshold": 15,
        "high_vol_cooldown_mult": 1.7248902159209654,
        "low_vol_cooldown_mult": 0.5499719651448859,
        "target_delta": 0.6050030895918734,
        "afternoon_delta": 0.634987806578575,
        "afternoon_hour": 12,
        "max_daily_trades": 8,
        "enable_trailing_stop": true,
        "trailing_stop_percent": 32,
        "trailing_stop_activation": 50,
        "enable_stop_loss": false,
        "stop_loss_percent": 43,
        "kelly_fraction": 0.5145670550945562,
        "max_equity_risk": 0.1610647120988123,
        "hard_max_contracts": 47
      },
      "metrics": {
        "win_rate": 72.41379310344827,
        "total_pnl": 95310.3572812559,
        "total_trades": 58,
        "profit_factor": 2.9182688879648406,
        "sharpe_ratio": 5.103463360302425,
        "max_drawdown": 20383.1048297324,
        "score": 1.248
      }
    },
    {
      "seed": 1000,
      "variant": "d",
      "params": {
        "signal_cooldown_bars": 10,
        "min_confirmation_bars": 2,
        "sustained_bars_required": 4,
        "volume_threshold": 1.2930660696397651,
        "use_or_bias_filter": true,
        "enable_val_bounce": true,
        "enable_vah_rejection": true,
        "enable_breakout": false,
        "enable_breakdown": true,
        "enable_poc_reclaim": false,
        "enable_poc_breakdown": false,
        "enable_sustained_breakout": false,
        "enable_sustained_breakdown": false,
        "use_vix_regime": false,
        "vix_high_threshold": 25,
        "vix_low_threshold": 15,
        "high_vol_cooldown_mult": 1.9127531300016485,